rank,name,city,state,control,band,score,admit_rate,completion_rate,retention_rate,sat_avg,undergrad_size,earnings_10yr,tuition_in,tuition_out,net_price,materials_score,biology_score,profile_score,outcomes_score,access_score,ca_value_score,materials_awards,biology_awards,neuro_awards,programs,why_apply,caution
1,University of Washington-Seattle Campus,Seattle,WA,Public,Competitive/possible by admit rate,91.39131431286225,0.3915,0.8518,0.9473,,31942.0,78466.0,12973.0,43209.0,14091.0,0.953680981393118,1.0,0.9562515336736602,0.900869,0.8,0.0,63.0,981.0,277.0,"materials: Ceramic Sciences and Engineering; Materials Engineering | bio: Biochemistry, Biophysics and Molecular Biology; Biology, General; Biomathematics, Bioinformatics, and Computational Biology; Cell/Cellular Biology and Anatomical Sciences | neuro: Human Biology; Neurobiology and Neurosciences","Excellent medicine, neuroscience, bioengineering, and research ecosystem.","needs department, cost, and admissions verification"
2,University of California-Irvine,Irvine,CA,Public,Competitive/possible by admit rate,89.40702585899652,0.2857,0.8687,0.9405,,30197.0,80735.0,15722.0,49922.0,14251.0,0.8517727010320436,0.9755735963025023,0.8536681372864523,0.9089710000000001,0.8,1.0,37.0,848.0,166.0,"materials: Materials Engineering; Materials Sciences | bio: Biochemistry, Biophysics and Molecular Biology; Biology, General; Biomathematics, Bioinformatics, and Computational Biology; Cell/Cellular Biology and Anatomical Sciences | neuro: Human Biology; Neurobiology and Neurosciences",Strong neuro/pre-med campus with engineering and California value.,"needs department, cost, and admissions verification"
3,University of Michigan-Ann Arbor,Ann Arbor,MI,Public,Reach by admit rate,88.88047410376376,0.1564,0.932,0.9747,1465.0,34177.0,83648.0,17736.0,60946.0,13138.0,0.8800952789948737,1.0,0.9452323948582572,0.954235,0.55,0.0,44.0,594.0,226.0,"materials: Materials Engineering; Polymer/Plastics Engineering | bio: Biochemistry, Biophysics and Molecular Biology; Biology, General; Biomathematics, Bioinformatics, and Computational Biology; Cell/Cellular Biology and Anatomical Sciences | neuro: Neurobiology and Neurosciences","Excellent broad fit: materials, biomedical, neuroscience, medicine.",reach school
4,University of California-Los Angeles,Los Angeles,CA,Public,Far reach by admit rate,88.24664862558127,0.0897,0.9262,0.9731,,33475.0,82511.0,15203.0,49403.0,12548.0,0.819628826298598,1.0,0.9106738009415234,0.9504710000000001,0.35,1.0,49.0,1333.0,399.0,"materials: Materials Engineering; Materials Sciences | bio: Biochemistry, Biophysics and Molecular Biology; Biology, General; Biomathematics, Bioinformatics, and Computational Biology; Cell/Cellular Biology and Anatomical Sciences | neuro: Human Biology; Neurobiology and Neurosciences",Excellent California public for pre-med/neuro plus materials/engineering.,lottery-level selectivity
5,University of Wisconsin-Madison,Madison,WI,Public,More accessible by admit rate,87.30523278376398,0.452,0.8955,0.9616,1427.0,36902.0,73792.0,11603.0,42103.0,17354.0,0.8039977947429127,0.9800000000000001,0.8553592502125904,0.92979,1.0,0.0,47.0,724.0,293.0,"materials: Materials Engineering; Polymer/Plastics Engineering | bio: Biochemistry, Biophysics and Molecular Biology; Biology, General; Biomathematics, Bioinformatics, and Computational Biology; Microbiological Sciences and Immunology | neuro: Neurobiology and Neurosciences","Strong public R1 for biology, engineering, neuroscience, and medicine.","needs department, cost, and admissions verification"
6,Ohio State University-Main Campus,Columbus,OH,Public,More accessible by admit rate,86.8563623031738,0.6057,0.8772,0.9423,1387.0,45638.0,60409.0,13244.0,40022.0,17339.0,0.8224600729572177,0.9800000000000001,0.8336364248054541,0.9118081490653538,1.0,0.0,58.0,643.0,283.0,"materials: Materials Engineering | bio: Biochemistry, Biophysics and Molecular Biology; Biology, General; Biomathematics, Bioinformatics, and Computational Biology; Cell/Cellular Biology and Anatomical Sciences | neuro: Neurobiology and Neurosciences",Large public R1 with medical center and engineering breadth.,"needs department, cost, and admissions verification"
7,University of California-Davis,Davis,CA,Public,Competitive/possible by admit rate,85.50200772556747,0.4183,0.8567,0.9281,,32253.0,80838.0,16774.0,50974.0,14741.0,0.7146314214425018,0.9800000000000001,0.8249746832904506,0.898911,0.8,1.0,26.0,923.0,519.0,"materials: Materials Engineering | bio: Biochemistry, Biophysics and Molecular Biology; Biology, General; Biomathematics, Bioinformatics, and Computational Biology; Cell/Cellular Biology and Anatomical Sciences | neuro: Neurobiology and Neurosciences","Excellent California public for biology, pre-health, and bioengineering breadth.","needs department, cost, and admissions verification"
8,University of Minnesota-Twin Cities,Minneapolis,MN,Public,More accessible by admit rate,85.48807113219394,0.7975,0.8528,0.9112,1362.0,31855.0,69020.0,17214.0,38362.0,16778.0,0.7953557886623764,0.9630726717910463,0.8373744541816935,0.8919081158985431,1.0,0.0,38.0,845.0,115.0,"materials: Materials Engineering | bio: Biochemistry, Biophysics and Molecular Biology; Biology, General; Biomathematics, Bioinformatics, and Computational Biology; Cell/Cellular Biology and Anatomical Sciences | neuro: Neurobiology and Neurosciences","Strong R1 with engineering, medicine, and biomedical research depth.","needs department, cost, and admissions verification"
9,Virginia Polytechnic Institute and State University,Blacksburg,VA,Public,More accessible by admit rate,83.59011199999999,0.5478,0.8622,0.9308,1364.0,30923.0,81698.0,15948.0,37764.0,24953.0,0.99,0.7979999999999999,0.7093200000000001,0.902776,1.0,0.0,66.0,455.0,215.0,"materials: Materials Engineering; Polymer/Plastics Engineering | bio: Biochemistry, Biophysics and Molecular Biology; Biology, General; Biomathematics, Bioinformatics, and Computational Biology; Microbiological Sciences and Immunology | neuro: Neurobiology and Neurosciences",Strong engineering/materials; bio/clinical path is available but less central.,"needs department, cost, and admissions verification"
10,University of California-Riverside,Riverside,CA,Public,More accessible by admit rate,83.29052611739363,0.7639,0.7596,0.876,,22593.0,67699.0,15606.0,49806.0,14304.0,0.7594254784137289,0.9387807325580678,0.7272319804900613,0.8287581679209524,1.0,1.0,25.0,992.0,136.0,"materials: Materials Engineering; Materials Sciences | bio: Biochemistry, Biophysics and Molecular Biology; Biology, General; Biomathematics, Bioinformatics, and Computational Biology; Cell/Cellular Biology and Anatomical Sciences | neuro: Neurobiology and Neurosciences",More accessible UC with medical school and useful life-science path.,"needs department, cost, and admissions verification"
11,Case Western Reserve University,Cleveland,OH,Private nonprofit,Competitive/possible by admit rate,82.83765580286946,0.3654,0.8717,0.9214,1513.0,6437.0,87989.0,66608.0,66608.0,41190.0,0.8136880335594845,0.8857465564395195,0.8281849196769255,0.905936,0.8,0.0,30.0,184.0,33.0,"materials: Materials Engineering; Polymer/Plastics Engineering | bio: Biochemistry, Biophysics and Molecular Biology; Biology, General; Biomathematics, Bioinformatics, and Computational Biology; Cell/Cellular Biology and Anatomical Sciences | neuro: Neurobiology and Neurosciences",Strong pre-med/biomedical ecosystem with nearby clinical research depth.,"needs department, cost, and admissions verification"
12,University of Pittsburgh-Pittsburgh Campus,Pittsburgh,PA,Public,More accessible by admit rate,82.55217531952867,0.5808,0.855,0.9199,1370.0,20370.0,66125.0,21926.0,41430.0,30434.0,0.6525135770572267,1.0,0.8118546161994571,0.8947073404920184,1.0,0.0,22.0,525.0,189.0,"materials: Materials Engineering | bio: Biochemistry, Biophysics and Molecular Biology; Biological and Physical Sciences; Biology, General; Biomathematics, Bioinformatics, and Computational Biology | neuro: Neurobiology and Neurosciences",Excellent clinical/medical research environment; materials less central.,"needs department, cost, and admissions verification"
13,University of Pennsylvania,Philadelphia,PA,Private nonprofit,Far reach by admit rate,81.40419227928821,0.054,0.9654,0.9888,1553.0,10650.0,111371.0,68686.0,68686.0,28699.0,0.719425478413729,0.9506294516464058,0.8657284039956874,0.977132,0.35,0.0,25.0,234.0,132.0,"materials: Materials Engineering | bio: Biochemistry, Biophysics and Molecular Biology; Biological and Physical Sciences; Biology, General; Biomathematics, Bioinformatics, and Computational Biology | neuro: Neurobiology and Neurosciences","Excellent bioengineering, neuroscience, and clinical research environment.",lottery-level selectivity
14,Purdue University-Main Campus,West Lafayette,IN,Public,More accessible by admit rate,80.87836002580724,0.4987,0.831,0.927,1364.0,44503.0,72424.0,9992.0,28794.0,14600.0,0.8899999999999999,0.832294146900571,0.6737970294133684,0.88373,1.0,0.0,74.0,495.0,57.0,"materials: Materials Engineering | bio: Biochemistry, Biophysics and Molecular Biology; Biological and Physical Sciences; Biology, General; Cell/Cellular Biology and Anatomical Sciences | neuro: Neurobiology and Neurosciences",Very strong engineering/materials option with solid life-science breadth.,"needs department, cost, and admissions verification"
15,Johns Hopkins University,Baltimore,MD,Private nonprofit,Far reach by admit rate,80.66670720234069,0.0644,0.9378,0.9809,1553.0,5693.0,87555.0,65230.0,65230.0,18809.0,0.6946314214425018,0.9635995169251261,0.8625508009038747,0.959149,0.35,0.0,26.0,257.0,157.0,"materials: Materials Engineering | bio: Biochemistry, Biophysics and Molecular Biology; Biology, General; Biomathematics, Bioinformatics, and Computational Biology; Cell/Cellular Biology and Anatomical Sciences | neuro: Human Biology; Neurobiology and Neurosciences","Best-fit biomedical, neuroscience, clinical, and pre-med ecosystem.",lottery-level selectivity
16,University of Maryland-College Park,College Park,MD,Public,Competitive/possible by admit rate,79.77282823216723,0.4479,0.8859,0.962,1473.0,30760.0,82860.0,11809.0,41186.0,15678.0,0.7664301125949193,0.8777508866905136,0.7282536931182846,0.924322,0.8,0.0,33.0,611.0,67.0,"materials: Materials Engineering | bio: Biochemistry, Biophysics and Molecular Biology; Biological and Physical Sciences; Biology, General; Pharmacology and Toxicology | neuro: Neurobiology and Neurosciences",Strong public engineering/science school near federal research ecosystem.,"needs department, cost, and admissions verification"
17,Northwestern University,Evanston,IL,Private nonprofit,Far reach by admit rate,79.18533906793884,0.0769,0.9513,0.981,1533.0,9201.0,89363.0,68322.0,68322.0,29167.0,0.7132346584975784,0.8736760585694276,0.8619229352453501,0.967004,0.35,0.0,19.0,162.0,113.0,"materials: Materials Engineering; Materials Sciences | bio: Biochemistry, Biophysics and Molecular Biology; Biological and Physical Sciences; Biology, General; Biomathematics, Bioinformatics, and Computational Biology | neuro: Neurobiology and Neurosciences","One of the strongest overlaps for materials, biomedical engineering, and medicine.",lottery-level selectivity
18,Georgia Institute of Technology-Main Campus,Atlanta,GA,Public,Reach by admit rate,79.07131890154936,0.1407,0.9402,0.9808,1480.0,18785.0,102772.0,12058.0,34484.0,12116.0,0.8899999999999999,0.7467791225982384,0.7474566855359034,0.960516,0.55,0.0,75.0,166.0,90.0,"materials: Materials Engineering | bio: Biochemistry, Biophysics and Molecular Biology; Biology, General; Biomathematics, Bioinformatics, and Computational Biology; Physiology, Pathology and Related Sciences | neuro: Neurobiology and Neurosciences",Top engineering/materials strength with biomedical engineering access.,reach school
19,University of California-Berkeley,Berkeley,CA,Public,Reach by admit rate,78.83845877186815,0.1098,0.9284,0.9679,,33068.0,92446.0,16347.0,50547.0,13481.0,0.8386880335594846,0.76,0.6504000000000001,0.9504469999999999,0.55,1.0,30.0,1002.0,0.0,"materials: Materials Sciences | bio: Biochemistry, Biophysics and Molecular Biology; Biology, General; Biomathematics, Bioinformatics, and Computational Biology; Cell/Cellular Biology and Anatomical Sciences | neuro: Neurobiology and Neurosciences",Top California public for materials and molecular/cell biology; no med school on campus.,reach school
20,University of California-San Diego,La Jolla,CA,Public,Competitive/possible by admit rate,77.20334860779855,0.2671,0.8605,0.9402,,34948.0,84943.0,16758.0,50958.0,12470.0,0.39,0.9981452153268582,0.7629513025127628,0.90414,0.8,1.0,0.0,1364.0,179.0,"materials: Materials Engineering; Materials Sciences | bio: Biochemistry, Biophysics and Molecular Biology; Biology, General; Biomathematics, Bioinformatics, and Computational Biology; Cell/Cellular Biology and Anatomical Sciences | neuro: Neurobiology and Neurosciences","Excellent California public for bioengineering, neuroscience, and medicine.","needs department, cost, and admissions verification"
21,Stanford University,Stanford,CA,Private nonprofit,Far reach by admit rate,76.79263997017604,0.0361,0.9192,0.9818,1553.0,7554.0,124080.0,65910.0,65910.0,13807.0,0.6638119815148759,0.8530804881324243,0.8766009621949156,0.948586,0.25,0.0,12.0,62.0,140.0,"materials: Materials Engineering | bio: Biochemistry, Biophysics and Molecular Biology; Biology, General; Cell/Cellular Biology and Anatomical Sciences; Microbiological Sciences and Immunology | neuro: Human Biology; Neurobiology and Neurosciences","Closest profile match: materials, bioengineering, stem-cell/neuro, and Bay Area labs.",lottery-level selectivity
22,University of Florida,Gainesville,FL,Public,Competitive/possible by admit rate,75.98794367801602,0.242,0.9112,0.9771,1403.0,35629.0,71588.0,6381.0,28659.0,6541.0,0.7824600729572176,0.78,0.6232000000000001,0.942771,0.8,0.0,58.0,1100.0,0.0,"materials: Materials Engineering | bio: Biochemistry, Biophysics and Molecular Biology; Biology, General; Biomathematics, Bioinformatics, and Computational Biology; Cell/Cellular Biology and Anatomical Sciences",Large public pre-med/biology ecosystem with engineering options.,"needs department, cost, and admissions verification"
23,Arizona State University Campus Immersion,Tempe,AZ,Public,More accessible by admit rate,75.19608593256658,0.8989,0.6804,0.8664,,64674.0,62668.0,12223.0,33139.0,14967.0,0.740428685834007,0.8637267760150064,0.6435028874191235,0.7792475812190245,1.0,0.0,34.0,1249.0,65.0,"materials: Materials Engineering | bio: Biochemistry, Biophysics and Molecular Biology; Biology, General; Biomathematics, Bioinformatics, and Computational Biology; Cell/Cellular Biology and Anatomical Sciences | neuro: Neurobiology and Neurosciences","Large public R1 with engineering, bioengineering, and life-science scale.","needs department, cost, and admissions verification"
24,University of Illinois Urbana-Champaign,Champaign,IL,Public,Competitive/possible by admit rate,74.84400016335844,0.4237,0.8513,0.948,1440.0,36258.0,81054.0,16004.0,35124.0,14355.0,0.8899999999999999,0.7212405565406314,0.5622217892238147,0.9007539999999999,0.8,0.0,92.0,341.0,0.0,"materials: Materials Engineering | bio: Biochemistry, Biophysics and Molecular Biology; Biology, General; Biomathematics, Bioinformatics, and Computational Biology; Cell/Cellular Biology and Anatomical Sciences | neuro: Neurobiology and Neurosciences",Materials/engineering powerhouse; bio/medicine path is less direct.,"needs department, cost, and admissions verification"
25,University of Arizona,Tucson,AZ,Public,More accessible by admit rate,74.5875044358874,0.8614,0.6752,0.8278,1246.0,42537.0,59979.0,13926.0,42278.0,16674.0,0.6035514718473731,0.9416611783523439,0.6907952145190792,0.7659144891760981,1.0,0.0,14.0,632.0,148.0,"materials: Materials Sciences | bio: Biochemistry, Biophysics and Molecular Biology; Biological and Physical Sciences; Biology, General; Biomathematics, Bioinformatics, and Computational Biology | neuro: Neurobiology and Neurosciences","More accessible R1 with medicine, neuroscience, and engineering breadth.","needs department, cost, and admissions verification"
26,Pennsylvania State University-Main Campus,University Park,PA,Public,More accessible by admit rate,74.45749759336158,0.6056,0.8609,0.9264,1337.0,42284.0,63435.0,20644.0,41790.0,32875.0,0.8899999999999999,0.71,0.49440000000000006,0.899122617880071,1.0,0.0,69.0,468.0,0.0,"materials: Materials Engineering; Materials Sciences; Polymer/Plastics Engineering | bio: Biochemistry, Biophysics and Molecular Biology; Biological and Physical Sciences; Biology, General; Biomathematics, Bioinformatics, and Computational Biology | neuro: Neurobiology and Neurosciences",Materials powerhouse; clinical/neuro path requires more intentional planning.,"needs department, cost, and admissions verification"
27,Rutgers University-New Brunswick,New Brunswick,NJ,Public,More accessible by admit rate,73.84861596602423,0.5815,0.8363,0.9302,1410.0,37751.0,74479.0,17929.0,37441.0,24406.0,0.6799648282816351,0.79,0.6141880416157559,0.8876040000000001,1.0,0.0,20.0,710.0,0.0,"materials: Ceramic Sciences and Engineering | bio: Biochemistry, Biophysics and Molecular Biology; Biological and Physical Sciences; Biology, General; Biomathematics, Bioinformatics, and Computational Biology | neuro: Neurobiology and Neurosciences","Strong public option with engineering, life sciences, and medical ecosystem access.","needs department, cost, and admissions verification"
28,University of Delaware,Newark,DE,Public,More accessible by admit rate,73.30905776389976,0.706,0.8055,0.9196,1292.0,19071.0,72950.0,16810.0,41400.0,17799.0,0.6608166156960663,0.8158146516206044,0.6032072098007416,0.86709,1.0,0.0,16.0,232.0,87.0,"materials: Materials Engineering; Materials Sciences | bio: Biochemistry, Biophysics and Molecular Biology; Biology, General; Biomathematics, Bioinformatics, and Computational Biology; Cell/Cellular Biology and Anatomical Sciences | neuro: Neurobiology and Neurosciences",Solid engineering/materials option with smaller-school feel.,"needs department, cost, and admissions verification"
29,Massachusetts Institute of Technology,Cambridge,MA,Private nonprofit,Far reach by admit rate,72.2152163964386,0.0455,0.9641,0.9908,1560.0,4535.0,143372.0,62396.0,62396.0,20111.0,0.7836880335594845,0.6419421308145633,0.7356548461743412,0.976878,0.25,0.0,30.0,47.0,16.0,"materials: Materials Engineering | bio: Biology, General; Biomathematics, Bioinformatics, and Computational Biology | neuro: Neurobiology and Neurosciences","Elite materials/biological engineering blend, with Boston medical adjacency.",lottery-level selectivity
30,North Carolina State University at Raleigh,Raleigh,NC,Public,Competitive/possible by admit rate,72.07609685213411,0.4174,0.8476,0.9447,1376.0,27371.0,68758.0,8799.0,32847.0,17303.0,0.8119953481380773,0.72,0.5228,0.8972092656799238,0.8,0.0,43.0,549.0,0.0,"materials: Materials Engineering | bio: Biochemistry, Biophysics and Molecular Biology; Biology, General; Biomathematics, Bioinformatics, and Computational Biology; Microbiological Sciences and Immunology",Strong public engineering/materials value with Research Triangle adjacency.,"needs department, cost, and admissions verification"
31,Cornell University,Ithaca,NY,Private nonprofit,Far reach by admit rate,71.63978026628055,0.0876,0.9538,0.9838,1535.0,15995.0,104043.0,69314.0,69314.0,28690.0,0.6887011111938542,0.7725557563952989,0.6481583778059105,0.969154,0.35,0.0,17.0,347.0,0.0,"materials: Materials Engineering | bio: Biochemistry, Biophysics and Molecular Biology; Biological and Physical Sciences; Biology, General; Biomathematics, Bioinformatics, and Computational Biology | neuro: Neurobiology and Neurosciences","Strong engineering, materials, biology, and translational research options.",lottery-level selectivity
32,Columbia University in the City of New York,New York,NY,Private nonprofit,Far reach by admit rate,71.53028601922325,0.0399,0.961,0.98,1553.0,8973.0,102491.0,71845.0,71845.0,21590.0,0.5168404906965589,0.8629522379146175,0.7569406027802816,0.97238,0.25,0.0,7.0,87.0,89.0,"materials: Materials Sciences | bio: Biochemistry, Biophysics and Molecular Biology; Biology, General; Biomathematics, Bioinformatics, and Computational Biology; Cell/Cellular Biology and Anatomical Sciences | neuro: Neurobiology and Neurosciences",Urban academic medical center plus engineering and neuroscience access.,lottery-level selectivity
33,Drexel University,Philadelphia,PA,Private nonprofit,More accessible by admit rate,70.7973499135591,0.7944,0.7816,0.8951,1345.0,13233.0,84648.0,62412.0,62412.0,38509.0,0.6461592041331906,0.7274848422425847,0.6166941294052848,0.847103,1.0,0.0,18.0,167.0,0.0,"materials: Materials Engineering | bio: Biochemistry, Biophysics and Molecular Biology; Biology, General; Biomathematics, Bioinformatics, and Computational Biology; Cell/Cellular Biology and Anatomical Sciences | neuro: Neurobiology and Neurosciences",Co-op model and Philadelphia biomedical ecosystem can fit applied research.,"needs department, cost, and admissions verification"
34,Carnegie Mellon University,Pittsburgh,PA,Private nonprofit,Reach by admit rate,69.57848812582775,0.1166,0.9413,0.98,1546.0,7304.0,114862.0,66246.0,66246.0,31944.0,0.7764301125949193,0.6051165632377655,0.5823602991670903,0.960954,0.55,0.0,33.0,43.0,32.0,"materials: Materials Sciences | bio: Biochemistry, Biophysics and Molecular Biology; Biology, General; Biomathematics, Bioinformatics, and Computational Biology | neuro: Neurobiology and Neurosciences",Excellent engineering/computation; best if computational biology is central.,reach school
35,Washington University in St Louis,St. Louis,MO,Private nonprofit,Reach by admit rate,69.08013689284928,0.1206,0.9426,0.9495,1530.0,7857.0,86182.0,65790.0,65790.0,21786.0,0.36,0.8844078439154861,0.7099513855815043,0.954083,0.55,0.0,0.0,163.0,69.0,"materials: Materials Engineering; Materials Sciences | bio: Biochemistry, Biophysics and Molecular Biology; Biology, General; Biomathematics, Bioinformatics, and Computational Biology; Cell/Cellular Biology and Anatomical Sciences | neuro: Neurobiology and Neurosciences",Excellent pre-med and biomedical research ecosystem.,reach school
36,The University of Texas at Austin,Austin,TX,Public,Competitive/possible by admit rate,68.23974000000001,0.2664,0.889,0.9674,1395.0,42855.0,75121.0,11688.0,44908.0,19857.0,0.28,0.9430000000000001,0.6412000000000001,0.92747,0.8,0.0,0.0,1002.0,264.0,"materials: Materials Engineering | bio: Biochemistry, Biophysics and Molecular Biology; Biological and Physical Sciences; Biology, General; Cell/Cellular Biology and Anatomical Sciences | neuro: Neurobiology and Neurosciences",Strong engineering plus improving medical/biomedical ecosystem.,verify undergrad materials path
37,Lehigh University,Bethlehem,PA,Private nonprofit,Competitive/possible by admit rate,67.90951879411577,0.2593,0.8791,0.937,1440.0,5898.0,105584.0,64980.0,64980.0,36931.0,0.6876211615987255,0.6276898015818118,0.5430250291347003,0.9141279999999999,0.8,0.0,9.0,79.0,27.0,"materials: Materials Engineering; Polymer/Plastics Engineering | bio: Biochemistry, Biophysics and Molecular Biology; Biological and Physical Sciences; Biology, General | neuro: Neurobiology and Neurosciences",Good engineering/materials option with a more focused campus feel.,"needs department, cost, and admissions verification"
38,Duke University,Durham,NC,Private nonprofit,Far reach by admit rate,67.89870392065507,0.0571,0.9678,0.9793,1548.0,6442.0,97800.0,68758.0,68758.0,29612.0,0.305,0.9361761523204977,0.7011988371492559,0.9761489999999999,0.35,0.0,0.0,223.0,96.0,"materials: Materials Engineering; Materials Sciences | bio: Biochemistry, Biophysics and Molecular Biology; Biological and Physical Sciences; Biology, General; Biomathematics, Bioinformatics, and Computational Biology | neuro: Neurobiology and Neurosciences","High-end biomedical, neuroscience, and clinical research environment.",lottery-level selectivity; verify undergrad materials path
39,University of Virginia-Main Campus,Charlottesville,VA,Public,Reach by admit rate,66.27737827417674,0.1681,0.956,0.9755,1480.0,17597.0,86863.0,21803.0,59512.0,21565.0,0.506840490696559,0.763350874684592,0.5413257668368301,0.968355,0.55,0.0,7.0,337.0,0.0,"materials: Materials Engineering | bio: Biochemistry, Biophysics and Molecular Biology; Biological and Physical Sciences; Biology, General; Cell/Cellular Biology and Anatomical Sciences | neuro: Neurobiology and Neurosciences",Strong pre-med/public R1 option with medical school access.,reach school
40,University of Southern California,Los Angeles,CA,Private nonprofit,Far reach by admit rate,66.18909588634457,0.0981,0.9183,0.9593,1495.0,20443.0,92498.0,72097.0,72097.0,32740.0,0.305,0.9089146907106339,0.6857000000000001,0.9424389999999999,0.35,0.0,0.0,149.0,382.0,"materials: Materials Engineering; Materials Sciences | bio: Biochemistry, Biophysics and Molecular Biology; Biology, General; Biomathematics, Bioinformatics, and Computational Biology; Cell/Cellular Biology and Anatomical Sciences | neuro: Human Biology; Neurobiology and Neurosciences",Private California option with engineering and major medical ecosystem.,lottery-level selectivity; verify undergrad materials path
41,Texas A&M University-College Station,College Station,TX,Public,More accessible by admit rate,65.84269868884958,0.5743,0.8391,0.9431,1280.0,59615.0,72097.0,13154.0,40124.0,21315.0,0.649628826298598,0.7409723618000384,0.32840478920822413,0.892453,1.0,0.0,49.0,979.0,33.0,"materials: Materials Engineering; Materials Sciences | bio: Biochemistry, Biophysics and Molecular Biology; Biology, General; Biomathematics, Bioinformatics, and Computational Biology; Cell/Cellular Biology and Anatomical Sciences | neuro: Neurobiology and Neurosciences",strong biology/neuro signal,"needs department, cost, and admissions verification"
42,Boston University,Boston,MA,Private nonprofit,Reach by admit rate,65.65672196593428,0.1111,0.8866,0.9472,1480.0,18248.0,83238.0,68102.0,68102.0,24402.0,0.21000000000000002,0.9814301663013276,0.6427823700456246,0.9210280000000001,0.55,0.0,0.0,413.0,147.0,"materials: Materials Engineering | bio: Biochemistry, Biophysics and Molecular Biology; Biology, General; Biomathematics, Bioinformatics, and Computational Biology; Cell/Cellular Biology and Anatomical Sciences | neuro: Neurobiology and Neurosciences",Strong urban biomedical ecosystem and flexible bioengineering adjacency.,reach school; verify undergrad materials path
43,Michigan State University,East Lansing,MI,Public,More accessible by admit rate,65.40300483707364,0.848,0.8072,0.9005,1269.0,40922.0,67253.0,16458.0,43842.0,19680.0,0.5744885508123171,0.8,0.35532610727618785,0.8623906276506458,1.0,0.0,28.0,824.0,255.0,"materials: Materials Engineering; Materials Sciences | bio: Biochemistry, Biophysics and Molecular Biology; Biological and Physical Sciences; Biology, General; Biomathematics, Bioinformatics, and Computational Biology | neuro: Neurobiology and Neurosciences",strong biology/neuro signal,"needs department, cost, and admissions verification"
44,Rensselaer Polytechnic Institute,Troy,NY,Private nonprofit,More accessible by admit rate,62.88530257145568,0.6347,0.8362,0.9072,1456.0,5714.0,102051.0,64081.0,64081.0,36228.0,0.6435514718473732,0.5232970243575769,0.438557961760992,0.881796,1.0,0.0,14.0,65.0,5.0,"materials: Materials Engineering | bio: Biochemistry, Biophysics and Molecular Biology; Biological and Physical Sciences; Biology, General; Biomathematics, Bioinformatics, and Computational Biology | neuro: Neurobiology and Neurosciences",Engineering-heavy school; useful if materials is primary.,"needs department, cost, and admissions verification"
45,Vanderbilt University,Nashville,TN,Private nonprofit,Far reach by admit rate,62.561382848721735,0.0586,0.9354,0.9634,1549.0,7208.0,91565.0,67498.0,67498.0,15846.0,0.21000000000000002,0.8741208776840848,0.6455544846358083,0.9533820000000001,0.35,0.0,0.0,91.0,112.0,"materials: Materials Sciences | bio: Biochemistry, Biophysics and Molecular Biology; Biology, General; Biomathematics, Bioinformatics, and Computational Biology; Cell/Cellular Biology and Anatomical Sciences | neuro: Neurobiology and Neurosciences",Excellent medicine/neuroscience/pre-med environment; materials less central.,lottery-level selectivity; verify undergrad materials path
46,Auburn University,Auburn,AL,Public,More accessible by admit rate,62.452711714154916,0.4592,0.8195,0.9478,1345.0,26816.0,65337.0,12890.0,34922.0,24323.0,0.6332346584975784,0.6323118086714947,0.3165965115451924,0.8809099870578182,1.0,0.0,19.0,560.0,27.0,"materials: Materials Engineering; Polymer/Plastics Engineering | bio: Biology, General; Biomathematics, Bioinformatics, and Computational Biology; Microbiological Sciences and Immunology; Physiology, Pathology and Related Sciences | neuro: Neurobiology and Neurosciences",balanced baseline fit from public outcomes/program data,"needs department, cost, and admissions verification"
47,Washington State University,Pullman,WA,Public,More accessible by admit rate,60.87142136838861,0.8664,0.605,0.7834,,21099.0,68905.0,13391.0,29950.0,14971.0,0.5849648282816351,0.7615820051693094,0.3247387128773642,0.7162087507143127,1.0,0.0,20.0,472.0,61.0,"materials: Materials Engineering; Materials Sciences | bio: Biochemistry, Biophysics and Molecular Biology; Biological and Physical Sciences; Biology, General; Biomathematics, Bioinformatics, and Computational Biology | neuro: Human Biology; Neurobiology and Neurosciences",strong biology/neuro signal,"needs department, cost, and admissions verification"
48,University of Massachusetts-Amherst,Amherst,MA,Public,More accessible by admit rate,60.844626000000005,0.5973,0.8326,0.9191,1423.0,23671.0,71631.0,17772.0,40449.0,22383.0,0.37,0.73,0.4148,0.882683,1.0,0.0,0.0,801.0,0.0,"materials: Materials Engineering; Materials Sciences; Polymer/Plastics Engineering | bio: Biochemistry, Biophysics and Molecular Biology; Biological and Physical Sciences; Biology, General; Biomathematics, Bioinformatics, and Computational Biology | neuro: Neurobiology and Neurosciences",Good materials/polymer and life-science option; less clinical than med-center schools.,"needs department, cost, and admissions verification"
49,University of Alabama at Birmingham,Birmingham,AL,Public,More accessible by admit rate,60.5611221265014,0.8818,0.6423,0.8009,1258.0,11635.0,54501.0,9098.0,22562.0,18749.0,0.5474539875954121,0.7588265742194761,0.33028884041824835,0.7386506688889778,1.0,0.0,15.0,281.0,112.0,"materials: Materials Engineering; Materials Sciences | bio: Biochemistry, Biophysics and Molecular Biology; Biology, General; Biomathematics, Bioinformatics, and Computational Biology; Cell/Cellular Biology and Anatomical Sciences | neuro: Neurobiology and Neurosciences",strong biology/neuro signal,"needs department, cost, and admissions verification"
50,California Polytechnic State University-San Luis Obispo,San Luis Obispo,CA,Public,Competitive/possible by admit rate,59.93011609318146,0.3132,0.864,0.9555,,21996.0,90768.0,13596.0,34665.0,16665.0,0.6568420422682689,0.45724603415391274,0.2584636516123303,0.909995,0.8,1.0,48.0,226.0,0.0,"materials: Materials Engineering | bio: Biochemistry, Biophysics and Molecular Biology; Biology, General; Microbiological Sciences and Immunology",Practical engineering option in California; weaker clinical ecosystem.,"needs department, cost, and admissions verification"
51,California Institute of Technology,Pasadena,CA,Private nonprofit,Far reach by admit rate,59.2107788584496,0.0257,0.9437,0.9737,,987.0,128566.0,65898.0,65898.0,16075.0,0.5684210211341345,0.48114925477864745,0.5538045687479826,0.960771,0.25,0.0,6.0,8.0,9.0,"materials: Materials Engineering | bio: Biochemistry, Biophysics and Molecular Biology; Biology, General; Cell/Cellular Biology and Anatomical Sciences; Microbiological Sciences and Immunology | neuro: Neurobiology and Neurosciences","Elite materials and bioengineering research, but very small and extremely selective.",lottery-level selectivity
52,Harvard University,Cambridge,MA,Private nonprofit,Far reach by admit rate,58.94048671030364,0.0365,0.9758,0.983,1553.0,7601.0,101817.0,61676.0,61676.0,19066.0,0.11000000000000001,0.8558215344842925,0.6081310644165874,0.981714,0.25,0.0,0.0,75.0,100.0,"bio: Biochemistry, Biophysics and Molecular Biology; Biology, General; Biomathematics, Bioinformatics, and Computational Biology; Cell/Cellular Biology and Anatomical Sciences | neuro: Neurobiology and Neurosciences",Exceptional biology/medical ecosystem; materials may sit more through SEAS/labs.,lottery-level selectivity; verify undergrad materials path
53,University of California-Santa Barbara,Santa Barbara,CA,Public,Competitive/possible by admit rate,58.91842800000001,0.3297,0.8303,0.93,,23113.0,74915.0,16414.0,50614.0,16109.0,0.31,0.652,0.39740000000000003,0.884074,0.8,1.0,0.0,638.0,0.0,"materials: Materials Sciences | bio: Biochemistry, Biophysics and Molecular Biology; Biology, General; Cell/Cellular Biology and Anatomical Sciences; Microbiological Sciences and Immunology | neuro: Neurobiology and Neurosciences",Very strong materials; weaker clinical path than UCLA/UCSD/UCD/UCI.,verify undergrad materials path
54,University of Kentucky,Lexington,KY,Public,More accessible by admit rate,58.81929053079271,0.9294,0.7142,0.8684,1215.0,24763.0,59025.0,13502.0,34140.0,18851.0,0.49245398759541203,0.6998425466965911,0.3104898574980237,0.7984406080509139,1.0,0.0,15.0,205.0,108.0,"materials: Materials Engineering; Materials Sciences | bio: Biochemistry, Biophysics and Molecular Biology; Biology, General; Biomathematics, Bioinformatics, and Computational Biology; Cell/Cellular Biology and Anatomical Sciences | neuro: Neurobiology and Neurosciences",strong biology/neuro signal,"needs department, cost, and admissions verification"
55,University of Rochester,Rochester,NY,Private nonprofit,Competitive/possible by admit rate,58.75765848320884,0.4008,0.8543,0.9069,1488.0,6331.0,79042.0,67080.0,67080.0,29278.0,0.21000000000000002,0.7815669775308187,0.48740000000000006,0.892219,0.8,0.0,0.0,230.0,0.0,"materials: Materials Sciences | bio: Biochemistry, Biophysics and Molecular Biology; Biology, General; Biomathematics, Bioinformatics, and Computational Biology; Microbiological Sciences and Immunology | neuro: Neurobiology and Neurosciences",Strong medical/neuroscience ecosystem with flexible undergraduate research options.,verify undergrad materials path
56,Brown University,Providence,RI,Private nonprofit,Far reach by admit rate,58.658223446118974,0.0539,0.9569,0.9882,1546.0,7226.0,93487.0,71412.0,71412.0,25184.0,0.08000000000000002,0.9030288519323935,0.5551552659851784,0.972052,0.35,0.0,0.0,165.0,127.0,"bio: Biochemistry, Biophysics and Molecular Biology; Biology, General; Biomathematics, Bioinformatics, and Computational Biology; Cell/Cellular Biology and Anatomical Sciences | neuro: Human Biology; Neurobiology and Neurosciences","Open curriculum helps combine biology, engineering, and neuroscience.",lottery-level selectivity; verify undergrad materials path
57,The University of Tennessee-Knoxville,Knoxville,TN,Public,Competitive/possible by admit rate,58.352102768170596,0.416,0.7392,0.919,1311.0,30418.0,60249.0,13812.0,33256.0,18976.0,0.529964828281635,0.6575405675701638,0.3304371311535788,0.8259028081000224,0.8,0.0,20.0,259.0,137.0,"materials: Materials Engineering | bio: Biochemistry, Biophysics and Molecular Biology; Biology, General; Microbiological Sciences and Immunology | neuro: Neurobiology and Neurosciences",strong biology/neuro signal,"needs department, cost, and admissions verification"
58,Yale University,New Haven,CT,Private nonprofit,Far reach by admit rate,58.194567777477204,0.0387,0.9574,0.9878,1534.0,6758.0,100533.0,67250.0,67250.0,23777.0,0.1,0.8667996080571165,0.5826751269165237,0.972242,0.25,0.0,0.0,121.0,48.0,"bio: Biochemistry, Biophysics and Molecular Biology; Biomathematics, Bioinformatics, and Computational Biology; Cell/Cellular Biology and Anatomical Sciences; Microbiological Sciences and Immunology | neuro: Neurobiology and Neurosciences",Strong biology/neuroscience/medicine; materials path is more selective and lab-based.,lottery-level selectivity; verify undergrad materials path
59,Iowa State University,Ames,IA,Public,More accessible by admit rate,57.82879475397018,0.8866,0.7532,0.8757,1204.0,25367.0,63386.0,10787.0,28881.0,18589.0,0.6350952789948736,0.5936439085556552,0.20183892890892277,0.823969863832351,1.0,0.0,44.0,270.0,0.0,"materials: Materials Engineering | bio: Biochemistry, Biophysics and Molecular Biology; Biology, General; Biomathematics, Bioinformatics, and Computational Biology; Cell/Cellular Biology and Anatomical Sciences | neuro: Neurobiology and Neurosciences",balanced baseline fit from public outcomes/program data,"needs department, cost, and admissions verification"
60,Clemson University,Clemson,SC,Public,Competitive/possible by admit rate,57.710202927385204,0.3834,0.8656,0.9347,1353.0,23300.0,71513.0,15554.0,40866.0,22253.0,0.588067484494265,0.62,0.19994294472805013,0.905723,0.8,0.0,31.0,435.0,0.0,"materials: Ceramic Sciences and Engineering; Materials Engineering | bio: Biochemistry, Biophysics and Molecular Biology; Biological and Physical Sciences; Biology, General; Microbiological Sciences and Immunology",balanced baseline fit from public outcomes/program data,"needs department, cost, and admissions verification"
61,University of Connecticut,Storrs,CT,Public,More accessible by admit rate,57.581278424821036,0.5239,0.8329,0.9246,1348.0,19835.0,73997.0,21044.0,43712.0,25097.0,0.554015329399745,0.6192081384659487,0.1883652119959133,0.884232,1.0,0.0,24.0,379.0,0.0,"materials: Materials Engineering; Materials Sciences | bio: Biochemistry, Biophysics and Molecular Biology; Biology, General; Biomathematics, Bioinformatics, and Computational Biology; Cell/Cellular Biology and Anatomical Sciences | neuro: Neurobiology and Neurosciences",balanced baseline fit from public outcomes/program data,"needs department, cost, and admissions verification"
62,Rice University,Houston,TX,Private nonprofit,Far reach by admit rate,57.50027348038056,0.08,0.9464,0.9741,1553.0,4776.0,89718.0,64144.0,64144.0,13370.0,0.15000000000000002,0.7559213331552507,0.5927485826277182,0.962437,0.35,0.0,0.0,165.0,45.0,"bio: Biochemistry, Biophysics and Molecular Biology; Biological and Physical Sciences; Biology, General; Physiology, Pathology and Related Sciences | neuro: Neurobiology and Neurosciences",Small elite undergrad plus Texas Medical Center adjacency.,lottery-level selectivity; verify undergrad materials path
63,Northeastern University,Boston,MA,Private nonprofit,Far reach by admit rate,57.11509286195273,0.0522,0.9054,0.969,1497.0,17326.0,92538.0,66162.0,66162.0,30915.0,0.11000000000000001,0.8482079737127516,0.5456320666617935,0.9373819999999999,0.35,0.0,0.0,296.0,124.0,"bio: Biochemistry, Biophysics and Molecular Biology; Biology, General; Biomathematics, Bioinformatics, and Computational Biology; Cell/Cellular Biology and Anatomical Sciences | neuro: Neurobiology and Neurosciences",Co-op and Boston lab access can fit applied bio/materials exploration.,lottery-level selectivity; verify undergrad materials path
64,Tufts University,Medford,MA,Private nonprofit,Reach by admit rate,55.81816677132182,0.1149,0.9351,0.955,1513.0,7061.0,83214.0,70704.0,70704.0,39998.0,0.14500000000000002,0.7567909031009488,0.46830000000000005,0.9511080000000001,0.55,0.0,0.0,189.0,0.0,"materials: Materials Engineering | bio: Biochemistry, Biophysics and Molecular Biology; Biology, General; Cell/Cellular Biology and Anatomical Sciences; Microbiological Sciences and Immunology | neuro: Neurobiology and Neurosciences",Good biology/pre-med fit with engineering access and Boston adjacency.,reach school; verify undergrad materials path
65,University of California-Santa Cruz,Santa Cruz,CA,Public,More accessible by admit rate,55.73760475991656,0.6579,0.7509,0.8795,,17940.0,68396.0,16005.0,50205.0,17890.0,0.06,0.7841308994382798,0.37173857727847104,0.8247429714868073,1.0,1.0,0.0,567.0,62.0,"bio: Biochemistry, Biophysics and Molecular Biology; Biology, General; Biomathematics, Bioinformatics, and Computational Biology; Cell/Cellular Biology and Anatomical Sciences | neuro: Neurobiology and Neurosciences",Good California biology/bioinformatics option; materials less central.,verify undergrad materials path
66,University of Nevada-Reno,Reno,NV,Public,More accessible by admit rate,55.671785636639015,0.7371,0.6124,0.7966,1132.0,15599.0,60614.0,9578.0,27720.0,15927.0,0.4130876142950012,0.7466965629032193,0.2780015727128028,0.721850680063558,1.0,0.0,8.0,264.0,90.0,"materials: Materials Engineering | bio: Biochemistry, Biophysics and Molecular Biology; Biology, General; Biomathematics, Bioinformatics, and Computational Biology; Cell/Cellular Biology and Anatomical Sciences | neuro: Neurobiology and Neurosciences",strong biology/neuro signal,"needs department, cost, and admissions verification"
67,University of Utah,Salt Lake City,UT,Public,More accessible by admit rate,55.38326005601431,0.8598,0.6505,0.8619,1257.0,27264.0,67170.0,9620.0,30860.0,16200.0,0.5696480149318405,0.62,0.19368032507682578,0.7618358436769002,1.0,0.0,27.0,475.0,0.0,"materials: Materials Engineering | bio: Biochemistry, Biophysics and Molecular Biology; Biology, General; Biomathematics, Bioinformatics, and Computational Biology; Cell/Cellular Biology and Anatomical Sciences | neuro: Neurobiology and Neurosciences",balanced baseline fit from public outcomes/program data,"needs department, cost, and admissions verification"
68,Princeton University,Princeton,NJ,Private nonprofit,Far reach by admit rate,54.15866795908879,0.0462,0.9761,0.9835,1553.0,5709.0,110066.0,62688.0,62688.0,6128.0,0.18000000000000002,0.6570297296206645,0.5251226444460688,0.9820129999999999,0.25,0.0,0.0,52.0,37.0,"bio: Biochemistry, Biophysics and Molecular Biology; Biomathematics, Bioinformatics, and Computational Biology | neuro: Neurobiology and Neurosciences",Excellent materials and molecular biology; no attached medical school.,lottery-level selectivity; verify undergrad materials path
69,University of North Texas,Denton,TX,Public,More accessible by admit rate,51.92034664125702,0.7223,0.6071,0.7665,1109.0,34341.0,57010.0,11309.0,21149.0,15649.0,0.5646314214425018,0.535,0.18190000000000003,0.7103192703672491,1.0,0.0,26.0,426.0,0.0,"materials: Materials Engineering | bio: Biochemistry, Biophysics and Molecular Biology; Biology, General; Physiology, Pathology and Related Sciences",balanced baseline fit from public outcomes/program data,"needs department, cost, and admissions verification"
70,Michigan Technological University,Houghton,MI,Public,More accessible by admit rate,51.77146679716631,0.9243,0.6806,0.8882,1258.0,5955.0,78198.0,19123.0,42988.0,14182.0,0.5483842978440597,0.42757083243255106,0.22795194549110315,0.786798,1.0,0.0,23.0,33.0,14.0,"materials: Materials Engineering | bio: Biochemistry, Biophysics and Molecular Biology; Biology, General; Biomathematics, Bioinformatics, and Computational Biology; Physiology, Pathology and Related Sciences | neuro: Human Biology",balanced baseline fit from public outcomes/program data,"needs department, cost, and admissions verification"
71,Western Washington University,Bellingham,WA,Public,More accessible by admit rate,51.66129036985314,0.9325,0.6464,0.7937,1289.0,13544.0,62569.0,9582.0,28707.0,21193.0,0.42638185123922434,0.55473580915536,0.26301620260868575,0.7413285328812096,1.0,0.0,21.0,168.0,47.0,"materials: Polymer/Plastics Engineering | bio: Biochemistry, Biophysics and Molecular Biology; Biological and Physical Sciences; Biology, General; Cell/Cellular Biology and Anatomical Sciences | neuro: Neurobiology and Neurosciences",balanced baseline fit from public outcomes/program data,"needs department, cost, and admissions verification"
72,San Jose State University,San Jose,CA,Public,More accessible by admit rate,50.944452364595314,0.8461,0.6922,0.8684,,27601.0,78988.0,8410.0,21010.0,13760.0,0.43745398759541204,0.4461818618559634,0.1487343557824401,0.788576,1.0,1.0,15.0,185.0,0.0,"materials: Materials Engineering | bio: Biology, General; Biomathematics, Bioinformatics, and Computational Biology; Microbiological Sciences and Immunology",California public option,"needs department, cost, and admissions verification"
73,University of California-Merced,Merced,CA,Public,More accessible by admit rate,50.771535814231996,0.9053,0.6872,0.8213,,8372.0,64368.0,15623.0,49823.0,11983.0,0.4130876142950012,0.4865001624350333,0.1404497888603004,0.7723237088415724,1.0,1.0,8.0,316.0,0.0,"materials: Materials Engineering | bio: Biochemistry, Biophysics and Molecular Biology; Biology, General; Cell/Cellular Biology and Anatomical Sciences",California public option,"needs department, cost, and admissions verification"
74,Boise State University,Boise,ID,Public,More accessible by admit rate,50.269266502984024,0.8721,0.602,0.7885,,17674.0,51658.0,9048.0,27788.0,21610.0,0.5425135770572267,0.49676822003561594,0.16890119481210944,0.7113617674537376,1.0,0.0,22.0,289.0,0.0,"materials: Materials Engineering | bio: Biochemistry, Biophysics and Molecular Biology; Biology, General; Physiology, Pathology and Related Sciences",balanced baseline fit from public outcomes/program data,"needs department, cost, and admissions verification"
75,Missouri University of Science and Technology,Rolla,MO,Public,More accessible by admit rate,50.11020846073065,0.7255,0.6437,0.8656,1317.0,5521.0,82957.0,14984.0,33248.0,16298.0,0.7253557886623764,0.31865529269999965,0.10834279951799988,0.759746,1.0,0.0,38.0,53.0,0.0,"materials: Ceramic Sciences and Engineering; Materials Engineering | bio: Biology, General | neuro: Neurobiology and Neurosciences",strong materials signal,verify bio/neuro/pre-med depth
76,University of Massachusetts-Lowell,Lowell,MA,Public,More accessible by admit rate,50.0939201231761,0.8304,0.6482,0.8399,1285.0,11434.0,64874.0,16966.0,36264.0,17163.0,0.6288241482960644,0.3947691206516811,0.1342215010215716,0.7544728143137897,1.0,0.0,42.0,117.0,0.0,"materials: Polymer/Plastics Engineering | bio: Biology, General",balanced baseline fit from public outcomes/program data,"needs department, cost, and admissions verification"
77,University of North Carolina at Chapel Hill,Chapel Hill,NC,Public,Reach by admit rate,49.521801243707074,0.1534,0.9117,0.9661,1439.0,20752.0,72200.0,8994.0,41203.0,11655.0,0.11,0.7932361179983386,0.19138766044296757,0.940311,0.55,0.0,0.0,599.0,155.0,"materials: Materials Sciences | bio: Biochemistry, Biophysics and Molecular Biology; Biology, General; Biomathematics, Bioinformatics, and Computational Biology; Microbiological Sciences and Immunology | neuro: Neurobiology and Neurosciences",strong biology/neuro signal,reach school; verify undergrad materials path
78,University at Albany,Albany,NY,Public,More accessible by admit rate,49.46890585230294,0.691,0.6145,0.8344,,12564.0,67979.0,10866.0,31256.0,17167.0,0.22,0.6995443897159509,0.2348,0.7342629494925483,1.0,0.0,0.0,249.0,198.0,"materials: Materials Engineering; Materials Sciences | bio: Biochemistry, Biophysics and Molecular Biology; Biology, General; Biomathematics, Bioinformatics, and Computational Biology; Pharmacology and Toxicology | neuro: Human Biology",strong biology/neuro signal,verify undergrad materials path
79,Florida State University,Tallahassee,FL,Public,Competitive/possible by admit rate,49.30530743138821,0.2422,0.8561,0.9605,1361.0,32212.0,61675.0,5656.0,18786.0,11297.0,0.11,0.7499485958001079,0.18313208515565138,0.9044356297527908,0.8,0.0,0.0,611.0,118.0,"materials: Materials Sciences | bio: Biochemistry, Biophysics and Molecular Biology; Biology, General; Biomathematics, Bioinformatics, and Computational Biology; Physiology, Pathology and Related Sciences | neuro: Neurobiology and Neurosciences",strong biology/neuro signal,verify undergrad materials path
80,University of Central Florida,Orlando,FL,Public,Competitive/possible by admit rate,49.23799152434795,0.4011,0.7801,0.9235,1269.0,59146.0,58308.0,6368.0,22467.0,10411.0,0.45277080094520655,0.484,0.15394207232137025,0.8502517050699114,0.8,0.0,11.0,840.0,0.0,"materials: Materials Engineering | bio: Biology, General; Cell/Cellular Biology and Anatomical Sciences; Microbiological Sciences and Immunology",balanced baseline fit from public outcomes/program data,"needs department, cost, and admissions verification"
81,The University of Texas at Dallas,Richardson,TX,Public,More accessible by admit rate,49.038877490019786,0.6513,0.7569,0.8995,1286.0,21751.0,68227.0,14644.0,40144.0,18267.0,0.11,0.732,0.19740000000000002,0.8331853404554447,1.0,0.0,0.0,498.0,257.0,"materials: Materials Engineering | bio: Biochemistry, Biophysics and Molecular Biology; Biological and Physical Sciences; Biology, General; Biomathematics, Bioinformatics, and Computational Biology | neuro: Neurobiology and Neurosciences",strong biology/neuro signal,verify undergrad materials path
82,University of Wisconsin-Eau Claire,Eau Claire,WI,Public,More accessible by admit rate,49.008154029080316,0.8234,0.6381,0.8175,1220.0,8895.0,58561.0,9642.0,19228.0,16550.0,0.41323465849757846,0.4807938138350281,0.2333378542575431,0.7414575623529276,1.0,0.0,19.0,144.0,20.0,"materials: Ceramic Sciences and Engineering; Materials Engineering; Materials Sciences | bio: Biochemistry, Biophysics and Molecular Biology; Biology, General | neuro: Neurobiology and Neurosciences",balanced baseline fit from public outcomes/program data,"needs department, cost, and admissions verification"
83,University of Colorado Boulder,Boulder,CO,Public,More accessible by admit rate,48.89211370379874,0.7808,0.7419,0.9015,1357.0,31939.0,69738.0,15666.0,44918.0,25346.0,0.11,0.7404301663013275,0.18978237004562443,0.8253185335392941,1.0,0.0,0.0,578.0,147.0,"materials: Materials Engineering | bio: Biochemistry, Biophysics and Molecular Biology; Cell/Cellular Biology and Anatomical Sciences; Physiology, Pathology and Related Sciences | neuro: Neurobiology and Neurosciences",strong biology/neuro signal,verify undergrad materials path
84,University of Cincinnati-Main Campus,Cincinnati,OH,Public,More accessible by admit rate,48.81561679860803,0.8529,0.7496,0.8535,1282.0,29882.0,54810.0,13976.0,29310.0,25648.0,0.11,0.7570053995888245,0.1801744538689362,0.8141206646794761,1.0,0.0,0.0,280.0,107.0,"materials: Materials Engineering | bio: Biochemistry, Biophysics and Molecular Biology; Biology, General; Biomathematics, Bioinformatics, and Computational Biology; Cell/Cellular Biology and Anatomical Sciences | neuro: Neurobiology and Neurosciences",strong biology/neuro signal,verify undergrad materials path
85,University of Vermont,Burlington,VT,Public,More accessible by admit rate,48.484041738903166,0.653,0.7859,0.8918,1374.0,11743.0,62472.0,19058.0,45502.0,19343.0,0.11,0.7208798668742101,0.1702511938736564,0.8467399334352679,1.0,0.0,0.0,201.0,77.0,"materials: Materials Sciences | bio: Biochemistry, Biophysics and Molecular Biology; Biology, General; Biomathematics, Bioinformatics, and Computational Biology; Cell/Cellular Biology and Anatomical Sciences | neuro: Neurobiology and Neurosciences",strong biology/neuro signal,verify undergrad materials path
86,University at Buffalo,Buffalo,NY,Public,More accessible by admit rate,48.42568596919307,0.7418,0.7518,0.8521,1295.0,20112.0,70814.0,10936.0,31536.0,20995.0,0.11,0.7562014990994925,0.1584679991995489,0.8189434321597573,1.0,0.0,0.0,492.0,52.0,"materials: Materials Engineering; Materials Sciences | bio: Biochemistry, Biophysics and Molecular Biology; Biology, General; Biomathematics, Bioinformatics, and Computational Biology; Cell/Cellular Biology and Anatomical Sciences | neuro: Neurobiology and Neurosciences",strong biology/neuro signal,verify undergrad materials path
87,Colorado State University-Fort Collins,Fort Collins,CO,Public,More accessible by admit rate,47.46092030019257,0.8854,0.6651,0.8589,,25538.0,60543.0,13373.0,34783.0,21279.0,0.11,0.7598805741710309,0.16173828815202748,0.7679738524961025,1.0,0.0,0.0,444.0,58.0,"materials: Materials Sciences | bio: Biochemistry, Biophysics and Molecular Biology; Biological and Physical Sciences; Biology, General; Cell/Cellular Biology and Anatomical Sciences | neuro: Neurobiology and Neurosciences",strong biology/neuro signal,verify undergrad materials path
88,University of Illinois Chicago,Chicago,IL,Public,More accessible by admit rate,47.39458304166498,0.7735,0.6162,0.8021,1250.0,22170.0,68740.0,14338.0,29884.0,10974.0,0.11,0.779326572614946,0.17902362010217415,0.7273432831487905,1.0,0.0,0.0,544.0,103.0,"materials: Materials Engineering | bio: Biochemistry, Biophysics and Molecular Biology; Biological and Physical Sciences; Biology, General; Biomathematics, Bioinformatics, and Computational Biology | neuro: Neurobiology and Neurosciences",strong biology/neuro signal,verify undergrad materials path
89,Binghamton University,Vestal,NY,Public,Competitive/possible by admit rate,47.206412,0.3861,0.8162,0.8938,1415.0,14655.0,80596.0,10567.0,30447.0,21620.0,0.11,0.681,0.19740000000000002,0.866846,0.8,0.0,0.0,530.0,256.0,"materials: Materials Engineering | bio: Biochemistry, Biophysics and Molecular Biology; Biology, General; Cell/Cellular Biology and Anatomical Sciences | neuro: Neurobiology and Neurosciences",strong biology/neuro signal,verify undergrad materials path
90,Indiana University-Bloomington,Bloomington,IN,Public,More accessible by admit rate,47.0008063172607,0.7821,0.8021,0.9106,1313.0,37806.0,63742.0,12144.0,41891.0,16264.0,0.0,0.776068488824415,0.1457320851556514,0.8611420545852189,1.0,0.0,0.0,345.0,118.0,"bio: Biochemistry, Biophysics and Molecular Biology; Biology, General; Biomathematics, Bioinformatics, and Computational Biology; Cell/Cellular Biology and Anatomical Sciences | neuro: Neurobiology and Neurosciences",strong biology/neuro signal,verify undergrad materials path
91,Brigham Young University,Provo,UT,Private nonprofit,More accessible by admit rate,46.99413319143337,0.6778,0.8098,0.9097,1376.0,32952.0,75790.0,6688.0,6688.0,15564.0,0.0,0.7686360749945178,0.14723206666179356,0.867109,1.0,0.0,0.0,527.0,124.0,"bio: Biochemistry, Biophysics and Molecular Biology; Biological and Physical Sciences; Biology, General; Biomathematics, Bioinformatics, and Computational Biology | neuro: Neurobiology and Neurosciences",strong biology/neuro signal,verify undergrad materials path
92,Emory University,Atlanta,GA,Private nonprofit,Reach by admit rate,46.597816463123884,0.1065,0.9109,0.957,1520.0,7298.0,80137.0,64280.0,64280.0,22585.0,0.11,0.6665647009324038,0.1936474700763,0.937572,0.55,0.0,0.0,213.0,167.0,"materials: Materials Sciences | bio: Biochemistry, Biophysics and Molecular Biology; Biological and Physical Sciences; Biology, General; Biomathematics, Bioinformatics, and Computational Biology | neuro: Neurobiology and Neurosciences",strong biology/neuro signal,reach school; verify undergrad materials path
93,Tulane University of Louisiana,New Orleans,LA,Private nonprofit,Reach by admit rate,46.35261550354021,0.1398,0.8614,0.9255,1448.0,7767.0,63268.0,68678.0,68678.0,39949.0,0.11,0.6959631732256876,0.1901916845872782,0.8991475208376944,0.55,0.0,0.0,107.0,149.0,"materials: Materials Engineering | bio: Biochemistry, Biophysics and Molecular Biology; Biology, General; Biomathematics, Bioinformatics, and Computational Biology; Cell/Cellular Biology and Anatomical Sciences | neuro: Neurobiology and Neurosciences",strong biology/neuro signal,reach school; verify undergrad materials path
94,University of Notre Dame,Notre Dame,IN,Private nonprofit,Reach by admit rate,46.265603232956245,0.1127,0.9517,0.9908,1520.0,8818.0,99980.0,65025.0,65025.0,26780.0,0.11,0.6273526191612866,0.18742731782939354,0.969686,0.55,0.0,0.0,174.0,136.0,"materials: Materials Engineering; Materials Sciences | bio: Biochemistry, Biophysics and Molecular Biology; Biological and Physical Sciences; Biology, General | neuro: Neurobiology and Neurosciences",balanced baseline fit from public outcomes/program data,reach school; verify undergrad materials path
95,University of New Hampshire-Main Campus,Durham,NH,Public,More accessible by admit rate,45.79460897122101,0.8816,0.7607,0.8727,1218.0,11261.0,66479.0,19202.0,39852.0,23805.0,0.11,0.6449652415575831,0.145814919012193,0.8282945544149249,1.0,0.0,0.0,208.0,34.0,"materials: Materials Sciences | bio: Biochemistry, Biophysics and Molecular Biology; Biology, General; Biomathematics, Bioinformatics, and Computational Biology; Microbiological Sciences and Immunology | neuro: Neurobiology and Neurosciences",balanced baseline fit from public outcomes/program data,verify undergrad materials path
96,Loyola University Chicago,Chicago,IL,Private nonprofit,More accessible by admit rate,45.614823397915124,0.816,0.7304,0.8167,1297.0,11737.0,71530.0,53710.0,53710.0,36079.0,0.0,0.7771344654396711,0.1449534860364855,0.797807,1.0,0.0,0.0,354.0,115.0,"bio: Biochemistry, Biophysics and Molecular Biology; Biology, General; Biomathematics, Bioinformatics, and Computational Biology; Cell/Cellular Biology and Anatomical Sciences | neuro: Neurobiology and Neurosciences",strong biology/neuro signal,verify undergrad materials path
97,Wayne State University,Detroit,MI,Public,More accessible by admit rate,45.217066384294,0.8116,0.5844,0.8265,1156.0,15587.0,53493.0,15190.0,32037.0,12766.0,0.11,0.7056510909540219,0.17322853015330375,0.7111847104081279,1.0,0.0,0.0,157.0,85.0,"materials: Materials Sciences; Polymer/Plastics Engineering | bio: Biochemistry, Biophysics and Molecular Biology; Biology, General; Cell/Cellular Biology and Anatomical Sciences; Microbiological Sciences and Immunology | neuro: Neurobiology and Neurosciences",strong biology/neuro signal,verify undergrad materials path
98,University of Wisconsin-Milwaukee,Milwaukee,WI,Public,More accessible by admit rate,44.98078948105397,0.9068,0.4932,0.7295,1090.0,16758.0,54990.0,10398.0,22398.0,15014.0,0.31762116159872555,0.5333896904117545,0.20224782226902327,0.634458536131564,1.0,0.0,9.0,144.0,21.0,"materials: Materials Engineering | bio: Biochemistry, Biophysics and Molecular Biology; Biology, General; Biomathematics, Bioinformatics, and Computational Biology; Microbiological Sciences and Immunology | neuro: Neurobiology and Neurosciences",balanced baseline fit from public outcomes/program data,verify undergrad materials path
99,Wright State University-Main Campus,Dayton,OH,Public,More accessible by admit rate,44.77276001651071,0.9633,0.4169,0.6793,,6762.0,49500.0,11522.0,21222.0,15415.0,0.341840490696559,0.555633880321528,0.20262028853421965,0.5760546879700853,1.0,0.0,7.0,88.0,16.0,"materials: Materials Engineering | bio: Biochemistry, Biophysics and Molecular Biology; Biological and Physical Sciences; Biology, General; Cell/Cellular Biology and Anatomical Sciences | neuro: Neurobiology and Neurosciences",balanced baseline fit from public outcomes/program data,verify undergrad materials path
100,University of Kansas,Lawrence,KS,Public,More accessible by admit rate,44.5053481017568,0.9348,0.6881,0.8649,1190.0,21217.0,61945.0,12102.0,30432.0,18059.0,0.0,0.7526684651946395,0.134745807818705,0.7831620741031174,1.0,0.0,0.0,298.0,82.0,"bio: Biochemistry, Biophysics and Molecular Biology; Biological and Physical Sciences; Biology, General; Biomathematics, Bioinformatics, and Computational Biology | neuro: Human Biology; Neurobiology and Neurosciences",strong biology/neuro signal,verify undergrad materials path
101,Alfred University,Alfred,NY,Private nonprofit,More accessible by admit rate,44.38306269448913,0.7384,0.5698,0.7752,1279.0,1423.0,54897.0,41500.0,41500.0,25620.0,0.6936880335594845,0.20478840389531683,0.06962805732440773,0.6902857896314425,1.0,0.0,30.0,14.0,0.0,"materials: Ceramic Sciences and Engineering; Materials Engineering | bio: Biochemistry, Biophysics and Molecular Biology; Biological and Physical Sciences; Biology, General",strong materials signal,verify bio/neuro/pre-med depth
102,George Washington University,Washington,DC,Private nonprofit,More accessible by admit rate,44.29565264969525,0.4709,0.8398,0.9223,1433.0,11182.0,90873.0,67710.0,67710.0,36586.0,0.0,0.6589696459796404,0.11867512691652361,0.887659,1.0,0.0,0.0,109.0,48.0,"bio: Biochemistry, Biophysics and Molecular Biology; Biology, General; Biomathematics, Bioinformatics, and Computational Biology; Microbiological Sciences and Immunology | neuro: Neurobiology and Neurosciences",strong biology/neuro signal,verify undergrad materials path
103,University of Iowa,Iowa City,IA,Public,More accessible by admit rate,44.24307007255012,0.8362,0.7463,0.9036,1200.0,22264.0,64762.0,11283.0,33371.0,22531.0,0.0,0.7048894077208124,0.128667454836012,0.8272695312990529,1.0,0.0,0.0,173.0,67.0,"bio: Biochemistry, Biophysics and Molecular Biology; Biology, General; Biomathematics, Bioinformatics, and Computational Biology; Cell/Cellular Biology and Anatomical Sciences | neuro: Neurobiology and Neurosciences",strong biology/neuro signal,verify undergrad materials path
104,University of Southern Mississippi,Hattiesburg,MS,Public,More accessible by admit rate,44.235122567226355,0.9912,0.4906,0.7209,1190.0,10075.0,44140.0,9998.0,11998.0,21708.0,0.5008166156960663,0.39082272516258476,0.13287972655527883,0.6274574428755112,1.0,0.0,16.0,111.0,0.0,"materials: Polymer/Plastics Engineering | bio: Biology, General",balanced baseline fit from public outcomes/program data,"needs department, cost, and admissions verification"
105,Temple University,Philadelphia,PA,Public,More accessible by admit rate,44.19625884491376,0.8041,0.7505,0.8261,,20970.0,63727.0,23011.0,38958.0,28198.0,0.0,0.7074645872890754,0.14103149517680538,0.8100854746988773,1.0,0.0,0.0,293.0,101.0,"materials: Materials Sciences | bio: Biochemistry, Biophysics and Molecular Biology; Biology, General; Biomathematics, Bioinformatics, and Computational Biology; Physiology, Pathology and Related Sciences | neuro: Neurobiology and Neurosciences",strong biology/neuro signal,verify undergrad materials path
106,Saint Louis University,Saint Louis,MO,Private nonprofit,More accessible by admit rate,44.13451579432,0.7504,0.7953,0.8784,1317.0,7267.0,70783.0,55760.0,55760.0,24398.0,0.0,0.6781500696544357,0.12821569138057076,0.8507417719043374,1.0,0.0,0.0,122.0,66.0,"bio: Biochemistry, Biophysics and Molecular Biology; Biology, General; Biomathematics, Bioinformatics, and Computational Biology; Cell/Cellular Biology and Anatomical Sciences | neuro: Neurobiology and Neurosciences",strong biology/neuro signal,verify undergrad materials path
107,West Virginia University,Morgantown,WV,Public,More accessible by admit rate,43.799411730060605,0.89,0.6466,0.8343,1122.0,17385.0,55939.0,10104.0,28608.0,15634.0,0.055,0.7147695228339958,0.11805068696355178,0.7498907996218438,1.0,0.0,0.0,383.0,25.0,"materials: Materials Engineering | bio: Biochemistry, Biophysics and Molecular Biology; Biology, General; Biomathematics, Bioinformatics, and Computational Biology; Cell/Cellular Biology and Anatomical Sciences | neuro: Neurobiology and Neurosciences",strong biology/neuro signal,verify undergrad materials path
108,Baylor University,Waco,TX,Private nonprofit,More accessible by admit rate,43.63000949177496,0.5128,0.7999,0.9095,1329.0,14785.0,65793.0,58100.0,58100.0,41104.0,0.0,0.6413970566634649,0.13437618540826757,0.8600727777060629,1.0,0.0,0.0,332.0,81.0,"bio: Biochemistry, Biophysics and Molecular Biology; Biology, General; Biomathematics, Bioinformatics, and Computational Biology; Physiology, Pathology and Related Sciences | neuro: Neurobiology and Neurosciences",balanced baseline fit from public outcomes/program data,verify undergrad materials path
109,Kent State University at Kent,Kent,OH,Public,More accessible by admit rate,43.59013174004031,0.8634,0.6372,0.8094,1099.0,19320.0,45388.0,13232.0,23082.0,20787.0,0.11,0.6518663520911385,0.13165662732545658,0.7350345382174581,1.0,0.0,0.0,143.0,21.0,"materials: Materials Sciences | bio: Biochemistry, Biophysics and Molecular Biology; Biology, General; Biomathematics, Bioinformatics, and Computational Biology; Cell/Cellular Biology and Anatomical Sciences | neuro: Neurobiology and Neurosciences",strong biology/neuro signal,verify undergrad materials path
110,University of Idaho,Moscow,ID,Public,More accessible by admit rate,43.58595927772266,0.7553,0.5728,0.7559,1116.0,7747.0,54670.0,9084.0,28320.0,14831.0,0.3571573040463536,0.46012060336238064,0.12143348337576024,0.687137762411593,1.0,0.0,5.0,90.0,0.0,"materials: Materials Engineering | bio: Biochemistry, Biophysics and Molecular Biology; Biology, General; Biomathematics, Bioinformatics, and Computational Biology; Microbiological Sciences and Immunology | neuro: Neurobiology and Neurosciences",balanced baseline fit from public outcomes/program data,"needs department, cost, and admissions verification"
111,Creighton University,Omaha,NE,Private nonprofit,More accessible by admit rate,43.57126113053636,0.7975,0.8336,0.9415,1321.0,4348.0,73911.0,48856.0,48856.0,31568.0,0.0,0.6459509341810167,0.09815471110786236,0.8888630000000001,1.0,0.0,0.0,196.0,24.0,"bio: Biochemistry, Biophysics and Molecular Biology; Biology, General; Cell/Cellular Biology and Anatomical Sciences; Microbiological Sciences and Immunology | neuro: Neurobiology and Neurosciences",balanced baseline fit from public outcomes/program data,verify undergrad materials path
112,George Mason University,Fairfax,VA,Public,More accessible by admit rate,43.55467664323393,0.8748,0.6784,0.8599,1274.0,27752.0,76343.0,14220.0,38688.0,17915.0,0.0,0.71655643631064,0.1340020276404184,0.778447,1.0,0.0,0.0,293.0,80.0,"bio: Biochemistry, Biophysics and Molecular Biology; Biological and Physical Sciences; Biology, General; Biomathematics, Bioinformatics, and Computational Biology | neuro: Neurobiology and Neurosciences",strong biology/neuro signal,verify undergrad materials path
113,Central Michigan University,Mount Pleasant,MI,Public,More accessible by admit rate,43.11876198913014,0.8982,0.5872,0.7536,1091.0,10035.0,55874.0,14760.0,14760.0,17597.0,0.150613496898853,0.5916627030853715,0.1704997666227836,0.6952461147178064,1.0,0.0,1.0,109.0,49.0,"materials: Materials Sciences | bio: Biochemistry, Biophysics and Molecular Biology; Biology, General; Cell/Cellular Biology and Anatomical Sciences; Physiology, Pathology and Related Sciences | neuro: Neurobiology and Neurosciences",balanced baseline fit from public outcomes/program data,verify undergrad materials path
114,Illinois Institute of Technology,Chicago,IL,Private nonprofit,More accessible by admit rate,43.05591827787544,0.5493,0.7521,0.8596,1311.0,2833.0,82592.0,52386.0,52386.0,18425.0,0.38700766469987247,0.29823313614758457,0.10139926629017876,0.821118,1.0,0.0,4.0,20.0,0.0,"materials: Materials Engineering; Materials Sciences | bio: Biochemistry, Biophysics and Molecular Biology; Biology, General; Biomathematics, Bioinformatics, and Computational Biology",balanced baseline fit from public outcomes/program data,verify bio/neuro/pre-med depth
115,Brandeis University,Waltham,MA,Private nonprofit,Competitive/possible by admit rate,43.00431822112672,0.405,0.8603,0.8702,1462.0,3618.0,77231.0,68080.0,68080.0,35736.0,0.0,0.658390605602518,0.12535483146676368,0.886524,0.8,0.0,0.0,193.0,60.0,"bio: Biochemistry, Biophysics and Molecular Biology; Biology, General; Biomathematics, Bioinformatics, and Computational Biology; Cell/Cellular Biology and Anatomical Sciences | neuro: Neurobiology and Neurosciences",strong biology/neuro signal,verify undergrad materials path
116,University of Louisville,Louisville,KY,Public,More accessible by admit rate,42.91674339086074,0.7941,0.6123,0.8149,1150.0,14727.0,53899.0,13136.0,29482.0,17988.0,0.055,0.6827184922163999,0.13674637318734942,0.7245817208982662,1.0,0.0,0.0,151.0,47.0,"materials: Materials Engineering | bio: Biochemistry, Biophysics and Molecular Biology; Biology, General; Biomathematics, Bioinformatics, and Computational Biology; Cell/Cellular Biology and Anatomical Sciences | neuro: Neurobiology and Neurosciences",strong biology/neuro signal,verify undergrad materials path
117,Colorado School of Mines,Golden,CO,Public,More accessible by admit rate,42.82075198977838,0.6069,0.8171,0.9279,1412.0,6155.0,97335.0,21914.0,45824.0,28690.0,0.3,0.2502331361475846,0.17707926629017876,0.875893,1.0,0.0,0.0,20.0,0.0,"materials: Materials Engineering | bio: Biochemistry, Biophysics and Molecular Biology",Great pure materials option; less aligned with clinical/neuro goals.,verify undergrad materials path; verify bio/neuro/pre-med depth
118,University of Miami,Coral Gables,FL,Private nonprofit,Reach by admit rate,42.699160916390575,0.189,0.8368,0.9377,1415.0,12913.0,75328.0,62616.0,62616.0,37244.0,0.0,0.7233283603054655,0.11989502860749418,0.8897689999999999,0.55,0.0,0.0,252.0,50.0,"bio: Biochemistry, Biophysics and Molecular Biology; Biology, General; Biomathematics, Bioinformatics, and Computational Biology; Cell/Cellular Biology and Anatomical Sciences | neuro: Neurobiology and Neurosciences",strong biology/neuro signal,reach school; verify undergrad materials path
119,Georgetown University,Washington,DC,Private nonprofit,Reach by admit rate,42.5992981904353,0.1291,0.9481,0.9675,1487.0,7569.0,103494.0,68017.0,68017.0,40815.0,0.0,0.658695391853121,0.11092264444606881,0.9617730000000001,0.55,0.0,0.0,122.0,37.0,"bio: Biochemistry, Biophysics and Molecular Biology; Biological and Physical Sciences; Biology, General; Biomathematics, Bioinformatics, and Computational Biology | neuro: Neurobiology and Neurosciences",strong biology/neuro signal,reach school; verify undergrad materials path
120,Boston College,Chestnut Hill,MA,Private nonprofit,Reach by admit rate,42.337674343431765,0.1643,0.9083,0.9602,1507.0,10085.0,103937.0,70702.0,70702.0,41704.0,0.0,0.6453563156998745,0.13788504919702946,0.936864,0.55,0.0,0.0,265.0,91.0,"bio: Biochemistry, Biophysics and Molecular Biology; Biology, General | neuro: Neurobiology and Neurosciences",balanced baseline fit from public outcomes/program data,reach school; verify undergrad materials path
